{
  "project_info": {
    "project_number": "480273579736",
    "firebase_url": "https://road-star-7e560.firebaseio.com",
    "project_id": "road-star-7e560",
    "storage_bucket": "road-star-7e560.appspot.com"
  },
  "client": [
    {
      "client_info": {
        "mobilesdk_app_id": "1:480273579736:android:41603ddc733bd7173be1ad",
        "android_client_info": {
          "package_name": "com.roadstar.customer"
        }
      },
      "oauth_client": [
        {
          "client_id": "480273579736-dn516s06dgqvdgfs8j8hott3pqhap82u.apps.googleusercontent.com",
          "client_type": 1,
          "android_info": {
            "package_name": "com.roadstar.customer",
            "certificate_hash": "5d8989ea0e55beb8f14ccf6201d9afb5a147d575"
          }
        },
        {
          "client_id": "480273579736-g39pqvhcf5pv7fsstta72gq315ujsi9e.apps.googleusercontent.com",
          "client_type": 1,
          "android_info": {
            "package_name": "com.roadstar.customer",
            "certificate_hash": "3ae0655fb0a514dfc28556fada8580cfbfa0cad0"
          }
        },
        {
          "client_id": "480273579736-is8lhu0seqamva9ms67p48729htn24q9.apps.googleusercontent.com",
          "client_type": 1,
          "android_info": {
            "package_name": "com.roadstar.customer",
            "certificate_hash": "a0b52b6ba6ccde77d4bd82e62edaf73ee0bb90b0"
          }
        },
        {
          "client_id": "480273579736-mja9n218gbrfomu8lupuh7erm2o9ist0.apps.googleusercontent.com",
          "client_type": 1,
          "android_info": {
            "package_name": "com.roadstar.customer",
            "certificate_hash": "6d374479ddde3ff5f1e7d4a9141a6c9a645d7ef0"
          }
        },
        {
          "client_id": "480273579736-mvdm516c4va94a18i7h7ttiurdh3pn7v.apps.googleusercontent.com",
          "client_type": 3
        }
      ],
      "api_key": [
        {
          "current_key": "AIzaSyCO--TQ_iF9WC2_Gv7KgjasEmnEoxwbF-E"
        }
      ],
      "services": {
        "appinvite_service": {
          "other_platform_oauth_client": [
            {
              "client_id": "480273579736-mvdm516c4va94a18i7h7ttiurdh3pn7v.apps.googleusercontent.com",
              "client_type": 3
            },
            {
              "client_id": "480273579736-h8a2sqprs241kb6koeknudv3p6uq2p8h.apps.googleusercontent.com",
              "client_type": 2,
              "ios_info": {
                "bundle_id": "com.roadstar.customer"
              }
            }
          ]
        }
      }
    },
    {
      "client_info": {
        "mobilesdk_app_id": "1:480273579736:android:1736993a66f11f873be1ad",
        "android_client_info": {
          "package_name": "com.roadstar.driver"
        }
      },
      "oauth_client": [
        {
          "client_id": "480273579736-6ci0m5hoo7e8q3pd1dos1pek6gunlbjo.apps.googleusercontent.com",
          "client_type": 1,
          "android_info": {
            "package_name": "com.roadstar.driver",
            "certificate_hash": "286c3787402b3e4940b6ca6fec7f2619876262fa"
          }
        },
        {
          "client_id": "480273579736-digs2ausrps7ufj9nq9ghvoplkasjams.apps.googleusercontent.com",
          "client_type": 1,
          "android_info": {
            "package_name": "com.roadstar.driver",
            "certificate_hash": "6d374479ddde3ff5f1e7d4a9141a6c9a645d7ef0"
          }
        },
        {
          "client_id": "480273579736-ru9cflonegr58r0thseneq5hcdqm7kre.apps.googleusercontent.com",
          "client_type": 1,
          "android_info": {
            "package_name": "com.roadstar.driver",
            "certificate_hash": "a0b52b6ba6ccde77d4bd82e62edaf73ee0bb90b0"
          }
        },
        {
          "client_id": "480273579736-vf0hjnnp037tt4akc8k9sea9dk2r4vj7.apps.googleusercontent.com",
          "client_type": 1,
          "android_info": {
            "package_name": "com.roadstar.driver",
            "certificate_hash": "5d8989ea0e55beb8f14ccf6201d9afb5a147d575"
          }
        },
        {
          "client_id": "480273579736-mvdm516c4va94a18i7h7ttiurdh3pn7v.apps.googleusercontent.com",
          "client_type": 3
        }
      ],
      "api_key": [
        {
          "current_key": "AIzaSyCO--TQ_iF9WC2_Gv7KgjasEmnEoxwbF-E"
        }
      ],
      "services": {
        "appinvite_service": {
          "other_platform_oauth_client": [
            {
              "client_id": "480273579736-mvdm516c4va94a18i7h7ttiurdh3pn7v.apps.googleusercontent.com",
              "client_type": 3
            },
            {
              "client_id": "480273579736-h8a2sqprs241kb6koeknudv3p6uq2p8h.apps.googleusercontent.com",
              "client_type": 2,
              "ios_info": {
                "bundle_id": "com.roadstar.customer"
              }
            }
          ]
        }
      }
    }
  ],
  "configuration_version": "1"
}